-0.001716,-0.008
-0.001715,-0.016
-0.001714,-0.016
-0.001713,-0.016
-0.001712,-0.016
-0.001711,-0.016
-0.00171,-0.016
-0.001709,-0.008
-0.001708,-0.008
-0.001707,-0.008
-0.001706,-0.008
-0.001705,-0.016
-0.001704,-0.008
-0.001703,-0.008
-0.001702,-0.008
-0.001701,-0.016
-0.0017,-0.008
-0.001699,-0.008
-0.001698,-0.016
-0.001697,-0.008
-0.001696,-0.008
-0.001695,-0.008
-0.001694,-0.008
-0.001693,-0.016
-0.001692,-0.008
-0.001691,-0.008
-0.00169,-0.008
-0.001689,-0.008
-0.001688,-0.016
-0.001687,-0.008
-0.001686,-0.008
-0.001685,-0.008
-0.001684,-0.008
-0.001683,-0.024
-0.001682,-0.008
-0.001681,-0.016
-0.00168,-0.016
-0.001679,-0.008
-0.001678,-0.008
-0.001677,-0.016
-0.001676,-0.008
-0.001675,-0.008
-0.001674,-0.008
-0.001673,-0.016
-0.001672,-0.008
-0.001671,-0.008
-0.00167,-0.024
-0.001669,-0.008
-0.001668,-0.016
-0.001667,-0.024
-0.001666,-0.008
-0.001665,-0.008
-0.001664,-0.016
-0.001663,-0.016
-0.001662,-0.016
-0.001661,-0.008
-0.00166,-0.008
-0.001659,-0.016
-0.001658,-0.008
-0.001657,-0.008
-0.001656,-0.016
-0.001655,-0.008
-0.001654,-0.008
-0.001653,-0.008
-0.001652,-0.008
-0.001651,-0.016
-0.00165,-0.008
-0.001649,-0.008
-0.001648,-0.016
-0.001647,-0.008
-0.001646,-0.016
-0.001645,-0.016
-0.001644,-0.008
-0.001643,-0.008
-0.001642,-0.008
-0.001641,-0.024
-0.00164,-0.008
-0.001639,-0.024
-0.001638,-0.008
-0.001637,-0.008
-0.001636,-0.008
-0.001635,-0.008
-0.001634,0.008
-0.001633,0.12
-0.001632,0.448
-0.001631,0.736
-0.00163,0.824
-0.001629,0.936
-0.001628,0.928
-0.001627,0.984
-0.001626,0.96
-0.001625,0.992
-0.001624,0.96
-0.001623,1
-0.001622,0.96
-0.001621,1
-0.00162,0.968
-0.001619,1
-0.001618,0.976
-0.001617,1
-0.001616,0.976
-0.001615,1
-0.001614,0.968
-0.001613,0.992
-0.001612,0.968
-0.001611,0.992
-0.00161,0.976
-0.001609,1
-0.001608,0.968
-0.001607,1
-0.001606,0.968
-0.001605,0.992
-0.001604,0.976
-0.001603,1
-0.001602,0.968
-0.001601,1
-0.0016,0.968
-0.001599,1
-0.001598,0.976
-0.001597,0.992
-0.001596,0.976
-0.001595,0.992
-0.001594,0.976
-0.001593,0.992
-0.001592,0.968
-0.001591,0.992
-0.00159,0.976
-0.001589,0.992
-0.001588,0.984
-0.001587,0.992
-0.001586,0.984
-0.001585,0.992
-0.001584,0.976
-0.001583,0.992
-0.001582,0.984
-0.001581,0.992
-0.00158,0.976
-0.001579,0.984
-0.001578,0.984
-0.001577,0.992
-0.001576,0.984
-0.001575,0.992
-0.001574,0.992
-0.001573,0.984
-0.001572,0.984
-0.001571,0.984
-0.00157,0.992
-0.001569,0.976
-0.001568,0.984
-0.001567,0.984
-0.001566,0.984
-0.001565,0.984
-0.001564,0.992
-0.001563,0.984
-0.001562,0.992
-0.001561,0.976
-0.00156,0.992
-0.001559,0.976
-0.001558,0.992
-0.001557,0.976
-0.001556,0.992
-0.001555,0.976
-0.001554,1
-0.001553,0.976
-0.001552,0.992
-0.001551,0.976
-0.00155,0.992
-0.001549,0.976
-0.001548,0.992
-0.001547,0.976
-0.001546,0.992
-0.001545,0.968
-0.001544,1
-0.001543,0.968
-0.001542,1
-0.001541,0.968
-0.00154,1
-0.001539,0.968
-0.001538,1
-0.001537,0.976
-0.001536,1
-0.001535,0.968
-0.001534,1
-0.001533,0.968
-0.001532,1
-0.001531,0.968
-0.00153,1.008
-0.001529,0.968
-0.001528,1.008
-0.001527,0.968
-0.001526,1.008
-0.001525,0.968
-0.001524,1
-0.001523,0.968
-0.001522,1.008
-0.001521,0.968
-0.00152,1
-0.001519,0.96
-0.001518,1
-0.001517,0.968
-0.001516,1
-0.001515,0.968
-0.001514,1
-0.001513,0.968
-0.001512,1.008
-0.001511,0.96
-0.00151,1.008
-0.001509,0.968
-0.001508,1.008
-0.001507,0.96
-0.001506,1.008
-0.001505,0.96
-0.001504,1
-0.001503,0.96
-0.001502,1
-0.001501,0.968
-0.0015,1.008
-0.001499,0.96
-0.001498,1.008
-0.001497,0.968
-0.001496,1.008
-0.001495,0.96
-0.001494,1.008
-0.001493,0.968
-0.001492,1
-0.001491,0.968
-0.00149,1.008
-0.001489,0.96
-0.001488,1.008
-0.001487,0.968
-0.001486,1.008
-0.001485,0.968
-0.001484,1.008
-0.001483,0.96
-0.001482,1
-0.001481,0.96
-0.00148,1.008
-0.001479,0.968
-0.001478,1
-0.001477,0.968
-0.001476,1.008
-0.001475,0.944
-0.001474,0.96
-0.001473,0.904
-0.001472,0.936
-0.001471,0.896
-0.00147,0.928
-0.001469,0.896
-0.001468,0.936
-0.001467,0.896
-0.001466,0.928
-0.001465,0.888
-0.001464,0.936
-0.001463,0.896
-0.001462,0.92
-0.001461,0.896
-0.00146,0.912
-0.001459,0.896
-0.001458,0.92
-0.001457,0.912
-0.001456,0.912
-0.001455,0.904
-0.001454,0.92
-0.001453,0.904
-0.001452,0.912
-0.001451,0.904
-0.00145,0.904
-0.001449,0.912
-0.001448,0.904
-0.001447,0.912
-0.001446,0.904
-0.001445,0.912
-0.001444,0.904
-0.001443,0.912
-0.001442,0.904
-0.001441,0.92
-0.00144,0.896
-0.001439,0.912
-0.001438,0.912
-0.001437,0.92
-0.001436,0.896
-0.001435,0.92
-0.001434,0.896
-0.001433,0.92
-0.001432,0.896
-0.001431,0.928
-0.00143,0.896
-0.001429,0.928
-0.001428,0.896
-0.001427,0.928
-0.001426,0.888
-0.001425,0.92
-0.001424,0.888
-0.001423,0.928
-0.001422,0.888
-0.001421,0.928
-0.00142,0.888
-0.001419,0.928
-0.001418,0.888
-0.001417,0.928
-0.001416,0.896
-0.001415,0.928
-0.001414,0.888
-0.001413,0.88
-0.001412,0.832
-0.001411,0.864
-0.00141,0.824
-0.001409,0.856
-0.001408,0.824
-0.001407,0.84
-0.001406,0.84
-0.001405,0.832
-0.001404,0.848
-0.001403,0.816
-0.001402,0.864
-0.001401,0.808
-0.0014,0.856
-0.001399,0.816
-0.001398,0.856
-0.001397,0.84
-0.001396,0.84
-0.001395,0.848
-0.001394,0.832
-0.001393,0.856
-0.001392,0.816
-0.001391,0.856
-0.00139,0.816
-0.001389,0.856
-0.001388,0.816
-0.001387,0.848
-0.001386,0.832
-0.001385,0.84
-0.001384,0.848
-0.001383,0.824
-0.001382,0.856
-0.001381,0.824
-0.00138,0.856
-0.001379,0.816
-0.001378,0.848
-0.001377,0.824
-0.001376,0.848
-0.001375,0.832
-0.001374,0.84
-0.001373,0.84
-0.001372,0.824
-0.001371,0.856
-0.00137,0.816
-0.001369,0.856
-0.001368,0.808
-0.001367,0.856
-0.001366,0.824
-0.001365,0.848
-0.001364,0.832
-0.001363,0.84
-0.001362,0.848
-0.001361,0.816
-0.00136,0.856
-0.001359,0.816
-0.001358,0.856
-0.001357,0.816
-0.001356,0.848
-0.001355,0.824
-0.001354,0.848
-0.001353,0.832
-0.001352,0.832
-0.001351,0.84
-0.00135,0.832
-0.001349,0.848
-0.001348,0.816
-0.001347,0.848
-0.001346,0.816
-0.001345,0.856
-0.001344,0.824
-0.001343,0.848
-0.001342,0.84
-0.001341,0.832
-0.00134,0.848
-0.001339,0.816
-0.001338,0.856
-0.001337,0.824
-0.001336,0.856
-0.001335,0.816
-0.001334,0.848
-0.001333,0.832
-0.001332,0.84
-0.001331,0.84
-0.00133,0.832
-0.001329,0.848
-0.001328,0.816
-0.001327,0.848
-0.001326,0.816
-0.001325,0.856
-0.001324,0.816
-0.001323,0.848
-0.001322,0.824
-0.001321,0.84
-0.00132,0.848
-0.001319,0.832
-0.001318,0.848
-0.001317,0.816
-0.001316,0.856
-0.001315,0.808
-0.001314,0.856
-0.001313,0.816
-0.001312,0.848
-0.001311,0.84
-0.00131,0.84
-0.001309,0.84
-0.001308,0.832
-0.001307,0.856
-0.001306,0.824
-0.001305,0.856
-0.001304,0.824
-0.001303,0.848
-0.001302,0.824
-0.001301,0.856
-0.0013,0.832
-0.001299,0.84
-0.001298,0.856
-0.001297,0.824
-0.001296,0.856
-0.001295,0.824
-0.001294,0.856
-0.001293,0.808
-0.001292,0.856
-0.001291,0.824
-0.00129,0.848
-0.001289,0.84
-0.001288,0.832
-0.001287,0.848
-0.001286,0.824
-0.001285,0.856
-0.001284,0.824
-0.001283,0.864
-0.001282,0.824
-0.001281,0.856
-0.00128,0.824
-0.001279,0.848
-0.001278,0.848
-0.001277,0.832
-0.001276,0.856
-0.001275,0.832
-0.001274,0.848
-0.001273,0.816
-0.001272,0.864
-0.001271,0.816
-0.00127,0.856
-0.001269,0.824
-0.001268,0.84
-0.001267,0.84
-0.001266,0.832
-0.001265,0.848
-0.001264,0.824
-0.001263,0.856
-0.001262,0.816
-0.001261,0.848
-0.00126,0.824
-0.001259,0.856
-0.001258,0.824
-0.001257,0.832
-0.001256,0.848
-0.001255,0.824
-0.001254,0.848
-0.001253,0.816
-0.001252,0.856
-0.001251,0.816
-0.00125,0.856
-0.001249,0.816
-0.001248,0.848
-0.001247,0.84
-0.001246,0.84
-0.001245,0.848
-0.001244,0.824
-0.001243,0.856
-0.001242,0.816
-0.001241,0.856
-0.00124,0.808
-0.001239,0.856
-0.001238,0.816
-0.001237,0.848
-0.001236,0.832
-0.001235,0.84
-0.001234,0.848
-0.001233,0.832
-0.001232,0.848
-0.001231,0.816
-0.00123,0.856
-0.001229,0.816
-0.001228,0.856
-0.001227,0.816
-0.001226,0.848
-0.001225,0.832
-0.001224,0.848
-0.001223,0.856
-0.001222,0.824
-0.001221,0.864
-0.00122,0.808
-0.001219,0.856
-0.001218,0.816
-0.001217,0.848
-0.001216,0.824
-0.001215,0.848
-0.001214,0.84
-0.001213,0.832
-0.001212,0.856
-0.001211,0.832
-0.00121,0.848
-0.001209,0.816
-0.001208,0.864
-0.001207,0.816
-0.001206,0.856
-0.001205,0.824
-0.001204,0.848
-0.001203,0.848
-0.001202,0.84
-0.001201,0.848
-0.0012,0.824
-0.001199,0.856
-0.001198,0.816
-0.001197,0.856
-0.001196,0.816
-0.001195,0.856
-0.001194,0.824
-0.001193,0.848
-0.001192,0.832
-0.001191,0.84
-0.00119,0.84
-0.001189,0.816
-0.001188,0.856
-0.001187,0.808
-0.001186,0.856
-0.001185,0.816
-0.001184,0.856
-0.001183,0.824
-0.001182,0.848
-0.001181,0.84
-0.00118,0.832
-0.001179,0.848
-0.001178,0.824
-0.001177,0.856
-0.001176,0.816
-0.001175,0.864
-0.001174,0.808
-0.001173,0.848
-0.001172,0.832
-0.001171,0.84
-0.00117,0.84
-0.001169,0.832
-0.001168,0.856
-0.001167,0.832
-0.001166,0.856
-0.001165,0.808
-0.001164,0.864
-0.001163,0.816
-0.001162,0.848
-0.001161,0.832
-0.00116,0.84
-0.001159,0.848
-0.001158,0.832
-0.001157,0.856
-0.001156,0.808
-0.001155,0.856
-0.001154,0.808
-0.001153,0.856
-0.001152,0.816
-0.001151,0.848
-0.00115,0.832
-0.001149,0.84
-0.001148,0.84
-0.001147,0.816
-0.001146,0.848
-0.001145,0.816
-0.001144,0.856
-0.001143,0.816
-0.001142,0.856
-0.001141,0.824
-0.00114,0.848
-0.001139,0.832
-0.001138,0.84
-0.001137,0.856
-0.001136,0.832
-0.001135,0.856
-0.001134,0.816
-0.001133,0.856
-0.001132,0.816
-0.001131,0.856
-0.00113,0.816
-0.001129,0.848
-0.001128,0.84
-0.001127,0.832
-0.001126,0.848
-0.001125,0.816
-0.001124,0.856
-0.001123,0.816
-0.001122,0.856
-0.001121,0.808
-0.00112,0.856
-0.001119,0.824
-0.001118,0.848
-0.001117,0.84
-0.001116,0.84
-0.001115,0.856
-0.001114,0.824
-0.001113,0.848
-0.001112,0.816
-0.001111,0.856
-0.00111,0.816
-0.001109,0.856
-0.001108,0.824
-0.001107,0.848
-0.001106,0.84
-0.001105,0.824
-0.001104,0.848
-0.001103,0.832
-0.001102,0.864
-0.001101,0.816
-0.0011,0.856
-0.001099,0.824
-0.001098,0.864
-0.001097,0.824
-0.001096,0.84
-0.001095,0.84
-0.001094,0.824
-0.001093,0.856
-0.001092,0.816
-0.001091,0.856
-0.00109,0.816
-0.001089,0.856
-0.001088,0.816
-0.001087,0.848
-0.001086,0.84
-0.001085,0.832
-0.001084,0.848
-0.001083,0.824
-0.001082,0.856
-0.001081,0.816
-0.00108,0.856
-0.001079,0.808
-0.001078,0.856
-0.001077,0.824
-0.001076,0.848
-0.001075,0.832
-0.001074,0.832
-0.001073,0.848
-0.001072,0.816
-0.001071,0.864
-0.00107,0.816
-0.001069,0.856
-0.001068,0.808
-0.001067,0.856
-0.001066,0.824
-0.001065,0.856
-0.001064,0.84
-0.001063,0.832
-0.001062,0.848
-0.001061,0.816
-0.00106,0.864
-0.001059,0.816
-0.001058,0.856
-0.001057,0.816
-0.001056,0.856
-0.001055,0.824
-0.001054,0.856
-0.001053,0.84
-0.001052,0.832
-0.001051,0.848
-0.00105,0.832
-0.001049,0.856
-0.001048,0.808
-0.001047,0.856
-0.001046,0.816
-0.001045,0.856
-0.001044,0.84
-0.001043,0.848
-0.001042,0.84
-0.001041,0.832
-0.00104,0.848
-0.001039,0.816
-0.001038,0.848
-0.001037,0.816
-0.001036,0.856
-0.001035,0.808
-0.001034,0.864
-0.001033,0.832
-0.001032,0.84
-0.001031,0.848
-0.00103,0.832
-0.001029,0.864
-0.001028,0.816
-0.001027,0.856
-0.001026,0.808
-0.001025,0.864
-0.001024,0.832
-0.001023,0.856
-0.001022,0.824
-0.001021,0.84
-0.00102,0.84
-0.001019,0.824
-0.001018,0.856
-0.001017,0.824
-0.001016,0.864
-0.001015,0.808
-0.001014,0.856
-0.001013,0.816
-0.001012,0.848
-0.001011,0.832
-0.00101,0.84
-0.001009,0.848
-0.001008,0.824
-0.001007,0.856
-0.001006,0.816
-0.001005,0.856
-0.001004,0.816
-0.001003,0.848
-0.001002,0.816
-0.001001,0.84
-0.001,0.848
-0.000999,0.832
-0.000998,0.848
-0.000997,0.824
-0.000996,0.856
-0.000995,0.824
-0.000994,0.84
-0.000993,0.472
-0.000992,0.24
-0.000991,0.12
-0.00099,0.048
-0.000989,0.024
-0.000988,0
-0.000987,0
-0.000986,-0.008
-0.000985,-0.016
-0.000984,-0.008
-0.000983,-0.008
-0.000982,-0.008
-0.000981,-0.016
-0.00098,-0.008
-0.000979,-0.008
-0.000978,-0.008
-0.000977,-0.008
-0.000976,-0.008
-0.000975,-0.016
-0.000974,-0.016
-0.000973,-0.008
-0.000972,-0.008
-0.000971,-0.016
-0.00097,-0.008
-0.000969,-0.008
-0.000968,-0.008
-0.000967,-0.016
-0.000966,-0.008
-0.000965,-0.008
-0.000964,-0.016
-0.000963,-0.016
-0.000962,-0.016
-0.000961,-0.024
-0.00096,-0.008
-0.000959,-0.008
-0.000958,-0.008
-0.000957,-0.008
-0.000956,-0.008
-0.000955,-0.024
-0.000954,-0.016
-0.000953,-0.016
-0.000952,-0.008
-0.000951,-0.016
-0.00095,-0.024
-0.000949,-0.008
-0.000948,-0.016
-0.000947,-0.016
-0.000946,-0.016
-0.000945,-0.008
-0.000944,-0.024
-0.000943,-0.016
-0.000942,-0.024
-0.000941,-0.008
-0.00094,-0.016
-0.000939,-0.008
-0.000938,-0.024
-0.000937,-0.024
-0.000936,-0.008
-0.000935,-0.016
-0.000934,-0.016
-0.000933,-0.008
-0.000932,-0.008
-0.000931,-0.024
-0.00093,-0.016
-0.000929,-0.008
-0.000928,-0.016
-0.000927,-0.008
-0.000926,-0.016
-0.000925,-0.016
-0.000924,-0.008
-0.000923,-0.024
-0.000922,-0.008
-0.000921,-0.016
-0.00092,-0.008
-0.000919,-0.008
-0.000918,-0.024
-0.000917,-0.016
-0.000916,-0.008
-0.000915,-0.016
-0.000914,-0.008
-0.000913,-0.016
-0.000912,-0.008
-0.000911,-0.016
-0.00091,-0.016
-0.000909,-0.008
-0.000908,-0.016
-0.000907,-0.016
-0.000906,-0.008
-0.000905,-0.016
-0.000904,-0.016
-0.000903,-0.016
-0.000902,-0.016
-0.000901,-0.008
-0.0009,-0.008
-0.000899,-0.008
-0.000898,-0.008
-0.000897,-0.008
-0.000896,-0.016
-0.000895,-0.016
-0.000894,-0.008
-0.000893,-0.008
-0.000892,-0.008
-0.000891,-0.008
-0.00089,-0.008
-0.000889,-0.016
-0.000888,-0.016
-0.000887,-0.008
-0.000886,-0.008
-0.000885,-0.016
-0.000884,-0.008
-0.000883,-0.016
-0.000882,-0.024
-0.000881,-0.008
-0.00088,-0.008
-0.000879,-0.016
-0.000878,-0.024
-0.000877,-0.008
-0.000876,-0.016
-0.000875,-0.016
-0.000874,-0.016
-0.000873,-0.008
-0.000872,-0.024
-0.000871,-0.008
-0.00087,-0.016
-0.000869,-0.016
-0.000868,-0.024
-0.000867,-0.016
-0.000866,-0.008
-0.000865,-0.008
-0.000864,-0.008
-0.000863,-0.016
-0.000862,-0.016
-0.000861,-0.008
-0.00086,-0.008
-0.000859,-0.016
-0.000858,-0.016
-0.000857,-0.008
-0.000856,-0.016
-0.000855,-0.016
-0.000854,-0.008
-0.000853,-0.016
-0.000852,-0.008
-0.000851,-0.008
-0.00085,-0.016
-0.000849,-0.016
-0.000848,-0.016
-0.000847,-0.016
-0.000846,-0.008
-0.000845,-0.008
-0.000844,-0.016
-0.000843,-0.008
-0.000842,-0.016
-0.000841,-0.016
-0.00084,-0.016
-0.000839,-0.016
-0.000838,-0.016
-0.000837,-0.016
-0.000836,-0.008
-0.000835,-0.016
-0.000834,-0.008
-0.000833,-0.008
-0.000832,-0.008
-0.000831,-0.016
-0.00083,-0.008
-0.000829,-0.008
-0.000828,-0.008
-0.000827,-0.024
-0.000826,-0.016
-0.000825,-0.016
-0.000824,-0.016
-0.000823,-0.008
-0.000822,-0.008
-0.000821,-0.016
-0.00082,-0.016
-0.000819,-0.008
-0.000818,-0.016
-0.000817,-0.016
-0.000816,-0.008
-0.000815,-0.008
-0.000814,-0.008
-0.000813,-0.016
-0.000812,-0.016
-0.000811,-0.008
-0.00081,-0.016
-0.000809,-0.024
-0.000808,-0.016
-0.000807,-0.016
-0.000806,-0.016
-0.000805,-0.016
-0.000804,-0.008
-0.000803,-0.008
-0.000802,-0.016
-0.000801,-0.024
-0.0008,-0.008
-0.000799,-0.008
-0.000798,-0.016
-0.000797,-0.008
-0.000796,-0.016
-0.000795,-0.008
-0.000794,-0.016
-0.000793,-0.016
-0.000792,-0.024
-0.000791,-0.016
-0.00079,-0.016
-0.000789,-0.016
-0.000788,-0.016
-0.000787,-0.008
-0.000786,-0.008
-0.000785,-0.024
-0.000784,-0.008
-0.000783,-0.008
-0.000782,-0.008
-0.000781,-0.008
-0.00078,-0.016
-0.000779,-0.016
-0.000778,-0.016
-0.000777,-0.016
-0.000776,-0.016
-0.000775,-0.008
-0.000774,-0.008
-0.000773,-0.008
-0.000772,-0.016
-0.000771,-0.008
-0.00077,-0.008
-0.000769,-0.008
-0.000768,-0.008
-0.000767,-0.016
-0.000766,-0.016
-0.000765,-0.008
-0.000764,-0.008
-0.000763,-0.016
-0.000762,-0.008
-0.000761,-0.008
-0.00076,-0.016
-0.000759,-0.016
-0.000758,-0.024
-0.000757,-0.016
-0.000756,-0.008
-0.000755,-0.016
-0.000754,-0.016
-0.000753,-0.016
-0.000752,-0.008
-0.000751,-0.016
-0.00075,-0.016
-0.000749,-0.016
-0.000748,-0.008
-0.000747,-0.008
-0.000746,-0.008
-0.000745,-0.008
-0.000744,-0.008
-0.000743,-0.008
-0.000742,-0.008
-0.000741,-0.008
-0.00074,-0.008
-0.000739,-0.008
-0.000738,-0.008
-0.000737,-0.008
-0.000736,-0.016
-0.000735,0
-0.000734,-0.008
-0.000733,-0.008
-0.000732,-0.008
-0.000731,-0.008
-0.00073,-0.008
-0.000729,-0.016
-0.000728,-0.008
-0.000727,-0.016
-0.000726,-0.008
-0.000725,-0.024
-0.000724,-0.008
-0.000723,-0.008
-0.000722,-0.008
-0.000721,-0.008
-0.00072,-0.008
-0.000719,-0.024
-0.000718,-0.008
-0.000717,-0.008
-0.000716,-0.016
-0.000715,-0.016
-0.000714,-0.016
-0.000713,-0.016
-0.000712,-0.008
-0.000711,-0.008
-0.00071,-0.008
-0.000709,-0.008
-0.000708,-0.016
-0.000707,-0.008
-0.000706,-0.008
-0.000705,-0.008
-0.000704,-0.016
-0.000703,-0.008
-0.000702,-0.016
-0.000701,-0.016
-0.0007,-0.008
-0.000699,-0.008
-0.000698,-0.016
-0.000697,-0.016
-0.000696,-0.016
-0.000695,-0.016
-0.000694,-0.008
-0.000693,-0.008
-0.000692,-0.008
-0.000691,-0.016
-0.00069,-0.024
-0.000689,-0.008
-0.000688,-0.016
-0.000687,-0.008
-0.000686,-0.008
-0.000685,-0.008
-0.000684,-0.008
-0.000683,-0.016
-0.000682,-0.008
-0.000681,-0.008
-0.00068,-0.008
-0.000679,-0.016
-0.000678,-0.008
-0.000677,-0.016
-0.000676,-0.016
-0.000675,-0.016
-0.000674,-0.008
-0.000673,-0.008
-0.000672,-0.008
-0.000671,-0.008
-0.00067,-0.016
-0.000669,-0.016
-0.000668,-0.016
-0.000667,-0.016
-0.000666,-0.016
-0.000665,-0.008
-0.000664,-0.016
-0.000663,-0.024
-0.000662,-0.008
-0.000661,-0.016
-0.00066,-0.008
-0.000659,-0.016
-0.000658,-0.008
-0.000657,-0.016
-0.000656,-0.016
-0.000655,-0.024
-0.000654,-0.016
-0.000653,-0.008
-0.000652,-0.016
-0.000651,-0.016
-0.00065,-0.008
-0.000649,-0.016
-0.000648,-0.008
-0.000647,0
-0.000646,-0.016
-0.000645,-0.016
-0.000644,-0.016
-0.000643,-0.008
-0.000642,-0.008
-0.000641,-0.008
-0.00064,-0.016
-0.000639,-0.016
-0.000638,-0.016
-0.000637,-0.016
-0.000636,-0.008
-0.000635,-0.008
-0.000634,0.016
-0.000633,0.088
-0.000632,0.496
-0.000631,0.712
-0.00063,0.864
-0.000629,0.888
-0.000628,0.96
-0.000627,0.952
-0.000626,0.984
-0.000625,0.968
-0.000624,0.992
-0.000623,0.968
-0.000622,0.992
-0.000621,0.968
-0.00062,0.992
-0.000619,0.976
-0.000618,0.992
-0.000617,0.984
-0.000616,0.992
-0.000615,0.976
-0.000614,0.984
-0.000613,0.984
-0.000612,0.984
-0.000611,0.984
-0.00061,0.976
-0.000609,0.992
-0.000608,0.976
-0.000607,0.984
-0.000606,0.976
-0.000605,0.992
-0.000604,0.976
-0.000603,0.992
-0.000602,0.976
-0.000601,1
-0.0006,0.976
-0.000599,1
-0.000598,0.976
-0.000597,1.008
-0.000596,0.976
-0.000595,1.008
-0.000594,0.968
-0.000593,1.008
-0.000592,0.968
-0.000591,1
-0.00059,0.968
-0.000589,1
-0.000588,0.976
-0.000587,1.008
-0.000586,0.968
-0.000585,1.008
-0.000584,0.968
-0.000583,1.008
-0.000582,0.968
-0.000581,1.008
-0.00058,0.976
-0.000579,1.008
-0.000578,0.968
-0.000577,1.008
-0.000576,0.968
-0.000575,1.008
-0.000574,0.968
-0.000573,1.008
-0.000572,0.96
-0.000571,1.008
-0.00057,0.968
-0.000569,1.008
-0.000568,0.968
-0.000567,1
-0.000566,0.968
-0.000565,1
-0.000564,0.968
-0.000563,1
-0.000562,0.976
-0.000561,1.008
-0.00056,0.976
-0.000559,1
-0.000558,0.976
-0.000557,0.992
-0.000556,0.976
-0.000555,0.992
-0.000554,0.968
-0.000553,0.992
-0.000552,0.976
-0.000551,0.984
-0.00055,0.984
-0.000549,0.992
-0.000548,0.984
-0.000547,0.984
-0.000546,0.992
-0.000545,0.984
-0.000544,0.984
-0.000543,0.984
-0.000542,0.992
-0.000541,0.976
-0.00054,0.992
-0.000539,0.976
-0.000538,0.992
-0.000537,0.976
-0.000536,0.992
-0.000535,0.976
-0.000534,1
-0.000533,0.976
-0.000532,0.992
-0.000531,0.976
-0.00053,1
-0.000529,0.968
-0.000528,1.008
-0.000527,0.976
-0.000526,1.008
-0.000525,0.968
-0.000524,1.008
-0.000523,0.96
-0.000522,1.008
-0.000521,0.952
-0.00052,1.008
-0.000519,0.96
-0.000518,1.008
-0.000517,0.968
-0.000516,1.008
-0.000515,0.96
-0.000514,1.008
-0.000513,0.968
-0.000512,1.016
-0.000511,0.968
-0.00051,1.008
-0.000509,0.96
-0.000508,1.008
-0.000507,0.976
-0.000506,1
-0.000505,0.96
-0.000504,1.008
-0.000503,0.96
-0.000502,1
-0.000501,0.96
-0.0005,1
-0.000499,0.968
-0.000498,1
-0.000497,0.976
-0.000496,1
-0.000495,0.976
-0.000494,1
-0.000493,0.968
-0.000492,0.992
-0.000491,0.976
-0.00049,0.984
-0.000489,0.976
-0.000488,0.992
-0.000487,0.984
-0.000486,0.992
-0.000485,0.984
-0.000484,0.984
-0.000483,0.984
-0.000482,0.976
-0.000481,0.992
-0.00048,0.984
-0.000479,0.992
-0.000478,0.976
-0.000477,0.992
-0.000476,0.96
-0.000475,0.976
-0.000474,0.928
-0.000473,0.936
-0.000472,0.904
-0.000471,0.928
-0.00047,0.896
-0.000469,0.928
-0.000468,0.888
-0.000467,0.944
-0.000466,0.888
-0.000465,0.928
-0.000464,0.888
-0.000463,0.928
-0.000462,0.888
-0.000461,0.928
-0.00046,0.888
-0.000459,0.928
-0.000458,0.888
-0.000457,0.928
-0.000456,0.888
-0.000455,0.936
-0.000454,0.888
-0.000453,0.928
-0.000452,0.888
-0.000451,0.928
-0.00045,0.888
-0.000449,0.928
-0.000448,0.896
-0.000447,0.928
-0.000446,0.888
-0.000445,0.928
-0.000444,0.896
-0.000443,0.92
-0.000442,0.896
-0.000441,0.92
-0.00044,0.896
-0.000439,0.92
-0.000438,0.896
-0.000437,0.912
-0.000436,0.896
-0.000435,0.912
-0.000434,0.904
-0.000433,0.92
-0.000432,0.904
-0.000431,0.912
-0.00043,0.92
-0.000429,0.896
-0.000428,0.912
-0.000427,0.904
-0.000426,0.92
-0.000425,0.896
-0.000424,0.928
-0.000423,0.888
-0.000422,0.92
-0.000421,0.896
-0.00042,0.936
-0.000419,0.888
-0.000418,0.928
-0.000417,0.888
-0.000416,0.928
-0.000415,0.88
-0.000414,0.92
-0.000413,0.856
-0.000412,0.88
-0.000411,0.832
-0.00041,0.856
-0.000409,0.824
-0.000408,0.856
-0.000407,0.848
-0.000406,0.832
-0.000405,0.848
-0.000404,0.832
-0.000403,0.856
-0.000402,0.808
-0.000401,0.856
-0.0004,0.816
-0.000399,0.848
-0.000398,0.832
-0.000397,0.84
-0.000396,0.848
-0.000395,0.816
-0.000394,0.856
-0.000393,0.808
-0.000392,0.856
-0.000391,0.816
-0.00039,0.856
-0.000389,0.824
-0.000388,0.848
-0.000387,0.848
-0.000386,0.832
-0.000385,0.84
-0.000384,0.824
-0.000383,0.848
-0.000382,0.824
-0.000381,0.856
-0.00038,0.808
-0.000379,0.856
-0.000378,0.832
-0.000377,0.848
-0.000376,0.84
-0.000375,0.832
-0.000374,0.856
-0.000373,0.816
-0.000372,0.864
-0.000371,0.816
-0.00037,0.864
-0.000369,0.808
-0.000368,0.848
-0.000367,0.832
-0.000366,0.84
-0.000365,0.84
-0.000364,0.824
-0.000363,0.856
-0.000362,0.816
-0.000361,0.856
-0.00036,0.816
-0.000359,0.856
-0.000358,0.824
-0.000357,0.848
-0.000356,0.832
-0.000355,0.832
-0.000354,0.848
-0.000353,0.824
-0.000352,0.848
-0.000351,0.816
-0.00035,0.856
-0.000349,0.816
-0.000348,0.848
-0.000347,0.824
-0.000346,0.848
-0.000345,0.832
-0.000344,0.84
-0.000343,0.84
-0.000342,0.824
-0.000341,0.848
-0.00034,0.816
-0.000339,0.856
-0.000338,0.816
-0.000337,0.856
-0.000336,0.824
-0.000335,0.848
-0.000334,0.84
-0.000333,0.832
-0.000332,0.848
-0.000331,0.824
-0.00033,0.856
-0.000329,0.816
-0.000328,0.856
-0.000327,0.816
-0.000326,0.848
-0.000325,0.824
-0.000324,0.84
-0.000323,0.84
-0.000322,0.824
-0.000321,0.856
-0.00032,0.816
-0.000319,0.856
-0.000318,0.816
-0.000317,0.856
-0.000316,0.816
-0.000315,0.856
-0.000314,0.832
-0.000313,0.84
-0.000312,0.84
-0.000311,0.832
-0.00031,0.856
-0.000309,0.824
-0.000308,0.856
-0.000307,0.816
-0.000306,0.856
-0.000305,0.816
-0.000304,0.856
-0.000303,0.824
-0.000302,0.84
-0.000301,0.84
-0.0003,0.824
-0.000299,0.864
-0.000298,0.816
-0.000297,0.848
-0.000296,0.816
-0.000295,0.848
-0.000294,0.824
-0.000293,0.848
-0.000292,0.84
-0.000291,0.84
-0.00029,0.848
-0.000289,0.824
-0.000288,0.856
-0.000287,0.816
-0.000286,0.856
-0.000285,0.816
-0.000284,0.856
-0.000283,0.824
-0.000282,0.84
-0.000281,0.84
-0.00028,0.832
-0.000279,0.848
-0.000278,0.816
-0.000277,0.856
-0.000276,0.808
-0.000275,0.864
-0.000274,0.808
-0.000273,0.848
-0.000272,0.816
-0.000271,0.848
-0.00027,0.84
-0.000269,0.832
-0.000268,0.848
-0.000267,0.816
-0.000266,0.856
-0.000265,0.808
-0.000264,0.856
-0.000263,0.808
-0.000262,0.848
-0.000261,0.832
-0.00026,0.84
-0.000259,0.84
-0.000258,0.824
-0.000257,0.848
-0.000256,0.816
-0.000255,0.856
-0.000254,0.808
-0.000253,0.856
-0.000252,0.816
-0.000251,0.848
-0.00025,0.824
-0.000249,0.848
-0.000248,0.848
-0.000247,0.824
-0.000246,0.856
-0.000245,0.816
-0.000244,0.856
-0.000243,0.808
-0.000242,0.856
-0.000241,0.816
-0.00024,0.848
-0.000239,0.824
-0.000238,0.84
-0.000237,0.84
-0.000236,0.824
-0.000235,0.856
-0.000234,0.808
-0.000233,0.856
-0.000232,0.816
-0.000231,0.848
-0.00023,0.824
-0.000229,0.856
-0.000228,0.832
-0.000227,0.84
-0.000226,0.848
-0.000225,0.824
-0.000224,0.848
-0.000223,0.816
-0.000222,0.856
-0.000221,0.816
-0.00022,0.856
-0.000219,0.824
-0.000218,0.856
-0.000217,0.832
-0.000216,0.84
-0.000215,0.848
-0.000214,0.816
-0.000213,0.856
-0.000212,0.816
-0.000211,0.856
-0.00021,0.816
-0.000209,0.856
-0.000208,0.824
-0.000207,0.848
-0.000206,0.84
-0.000205,0.832
-0.000204,0.848
-0.000203,0.824
-0.000202,0.856
-0.000201,0.808
-0.0002,0.856
-0.000199,0.816
-0.000198,0.848
-0.000197,0.832
-0.000196,0.848
-0.000195,0.856
-0.000194,0.832
-0.000193,0.856
-0.000192,0.816
-0.000191,0.856
-0.00019,0.816
-0.000189,0.856
-0.000188,0.824
-0.000187,0.848
-0.000186,0.832
-0.000185,0.84
-0.000184,0.848
-0.000183,0.824
-0.000182,0.856
-0.000181,0.808
-0.00018,0.856
-0.000179,0.808
-0.000178,0.848
-0.000177,0.824
-0.000176,0.848
-0.000175,0.84
-0.000174,0.832
-0.000173,0.848
-0.000172,0.816
-0.000171,0.856
-0.00017,0.816
-0.000169,0.856
-0.000168,0.824
-0.000167,0.848
-0.000166,0.832
-0.000165,0.84
-0.000164,0.84
-0.000163,0.824
-0.000162,0.856
-0.000161,0.816
-0.00016,0.856
-0.000159,0.824
-0.000158,0.848
-0.000157,0.824
-0.000156,0.856
-0.000155,0.84
-0.000154,0.848
-0.000153,0.848
-0.000152,0.816
-0.000151,0.856
-0.00015,0.816
-0.000149,0.856
-0.000148,0.824
-0.000147,0.848
-0.000146,0.824
-0.000145,0.84
-0.000144,0.84
-0.000143,0.84
-0.000142,0.848
-0.000141,0.824
-0.00014,0.856
-0.000139,0.808
-0.000138,0.856
-0.000137,0.816
-0.000136,0.856
-0.000135,0.816
-0.000134,0.84
-0.000133,0.832
-0.000132,0.84
-0.000131,0.856
-0.00013,0.824
-0.000129,0.856
-0.000128,0.808
-0.000127,0.856
-0.000126,0.816
-0.000125,0.856
-0.000124,0.816
-0.000123,0.848
-0.000122,0.84
-0.000121,0.824
-0.00012,0.848
-0.000119,0.824
-0.000118,0.856
-0.000117,0.816
-0.000116,0.864
-0.000115,0.824
-0.000114,0.848
-0.000113,0.84
-0.000112,0.848
-0.000111,0.848
-0.00011,0.816
-0.000109,0.864
-0.000108,0.816
-0.000107,0.856
-0.000106,0.816
-0.000105,0.848
-0.000104,0.832
-0.000103,0.856
-0.000102,0.84
-0.000101,0.832
-0.0001,0.848
-9.90E-05,0.824
-9.80E-05,0.848
-9.70E-05,0.808
-9.60E-05,0.856
-9.50E-05,0.808
-9.40E-05,0.856
-9.30E-05,0.832
-9.20E-05,0.848
-9.10E-05,0.856
-9.00E-05,0.832
-8.90E-05,0.848
-8.80E-05,0.816
-8.70E-05,0.856
-8.60E-05,0.808
-8.50E-05,0.856
-8.40E-05,0.816
-8.30E-05,0.848
-8.20E-05,0.84
-8.10E-05,0.832
-8.00E-05,0.848
-7.90E-05,0.824
-7.80E-05,0.856
-7.70E-05,0.816
-7.60E-05,0.856
-7.50E-05,0.816
-7.40E-05,0.848
-7.30E-05,0.824
-7.20E-05,0.856
-7.10E-05,0.832
-7.00E-05,0.84
-6.90E-05,0.848
-6.80E-05,0.816
-6.70E-05,0.848
-6.60E-05,0.824
-6.50E-05,0.856
-6.40E-05,0.824
-6.30E-05,0.848
-6.20E-05,0.824
-6.10E-05,0.84
-6.00E-05,0.848
-5.90E-05,0.824
-5.80E-05,0.848
-5.70E-05,0.816
-5.60E-05,0.864
-5.50E-05,0.816
-5.40E-05,0.864
-5.30E-05,0.824
-5.20E-05,0.856
-5.10E-05,0.84
-5.00E-05,0.832
-4.90E-05,0.848
-4.80E-05,0.824
-4.70E-05,0.856
-4.60E-05,0.816
-4.50E-05,0.856
-4.40E-05,0.816
-4.30E-05,0.856
-4.20E-05,0.824
-4.10E-05,0.84
-4.00E-05,0.84
-3.90E-05,0.832
-3.80E-05,0.848
-3.70E-05,0.824
-3.60E-05,0.848
-3.50E-05,0.816
-3.40E-05,0.856
-3.30E-05,0.824
-3.20E-05,0.848
-3.10E-05,0.824
-3.00E-05,0.84
-2.90E-05,0.832
-2.80E-05,0.84
-2.70E-05,0.864
-2.60E-05,0.816
-2.50E-05,0.864
-2.40E-05,0.816
-2.30E-05,0.856
-2.20E-05,0.824
-2.10E-05,0.848
-2.00E-05,0.824
-1.90E-05,0.84
-1.80E-05,0.84
-1.70E-05,0.824
-1.60E-05,0.856
-1.50E-05,0.816
-1.40E-05,0.864
-1.30E-05,0.816
-1.20E-05,0.864
-1.10E-05,0.824
-1.00E-05,0.848
-9.00E-06,0.832
-8.00E-06,0.832
-7.00E-06,0.84
-6.00E-06,0.824
-5.00E-06,0.856
-4.00E-06,0.824
-3.00E-06,0.856
-2.00E-06,0.816
-1.00E-06,0.856
0,0.816
1.00E-06,0.848
2.00E-06,0.84
3.00E-06,0.824
4.00E-06,0.848
5.00E-06,0.824
6.00E-06,0.856
7.00E-06,0.504
8.00E-06,0.256
9.00E-06,0.12
1.00E-05,0.048
1.10E-05,0.024
1.20E-05,0.008
1.30E-05,0
1.40E-05,-0.008
1.50E-05,0
1.60E-05,0
1.70E-05,-0.008
1.80E-05,-0.008
1.90E-05,-0.024
2.00E-05,0
2.10E-05,-0.016
2.20E-05,-0.008
2.30E-05,-0.008
2.40E-05,-0.008
2.50E-05,-0.016
2.60E-05,-0.016
2.70E-05,-0.008
2.80E-05,-0.008
2.90E-05,-0.008
3.00E-05,-0.008
3.10E-05,-0.016
3.20E-05,-0.024
3.30E-05,-0.016
3.40E-05,-0.008
3.50E-05,-0.016
3.60E-05,-0.008
3.70E-05,-0.024
3.80E-05,-0.016
3.90E-05,-0.016
4.00E-05,-0.016
4.10E-05,-0.008
4.20E-05,-0.016
4.30E-05,-0.016
4.40E-05,-0.008
4.50E-05,-0.008
4.60E-05,-0.008
4.70E-05,-0.016
4.80E-05,-0.016
4.90E-05,-0.024
5.00E-05,-0.016
5.10E-05,-0.016
5.20E-05,-0.008
5.30E-05,-0.016
5.40E-05,-0.008
5.50E-05,-0.008
5.60E-05,-0.008
5.70E-05,-0.008
5.80E-05,-0.008
5.90E-05,-0.016
6.00E-05,-0.008
6.10E-05,-0.008
6.20E-05,-0.008
6.30E-05,-0.016
6.40E-05,-0.016
6.50E-05,-0.008
6.60E-05,-0.008
6.70E-05,-0.008
6.80E-05,-0.016
6.90E-05,-0.016
7.00E-05,-0.016
7.10E-05,-0.008
7.20E-05,-0.016
7.30E-05,-0.008
7.40E-05,-0.008
7.50E-05,-0.016
7.60E-05,-0.016
7.70E-05,-0.016
7.80E-05,-0.016
7.90E-05,-0.016
8.00E-05,-0.008
8.10E-05,-0.008
8.20E-05,-0.024
8.30E-05,-0.008
8.40E-05,-0.016
8.50E-05,-0.008
8.60E-05,-0.008
8.70E-05,-0.008
8.80E-05,-0.024
8.90E-05,-0.016
9.00E-05,-0.016
9.10E-05,-0.016
9.20E-05,-0.016
9.30E-05,-0.016
9.40E-05,-0.008
9.50E-05,-0.016
9.60E-05,-0.016
9.70E-05,-0.008
9.80E-05,-0.008
9.90E-05,-0.016
0.0001,-0.016
0.000101,-0.008
0.000102,-0.008
0.000103,-0.016
0.000104,-0.016
0.000105,-0.016
0.000106,-0.008
0.000107,-0.016
0.000108,-0.016
0.000109,-0.016
0.00011,-0.016
0.000111,-0.016
0.000112,-0.024
0.000113,-0.008
0.000114,-0.016
0.000115,-0.008
0.000116,-0.008
0.000117,-0.008
0.000118,-0.024
0.000119,-0.008
0.00012,-0.016
0.000121,-0.008
0.000122,-0.016
0.000123,-0.024
0.000124,-0.008
0.000125,-0.008
0.000126,-0.008
0.000127,-0.008
0.000128,-0.016
0.000129,-0.016
0.00013,-0.008
0.000131,-0.016
0.000132,-0.008
0.000133,-0.008
0.000134,-0.008
0.000135,-0.008
0.000136,-0.008
0.000137,-0.016
0.000138,-0.016
0.000139,-0.008
0.00014,-0.008
0.000141,-0.016
0.000142,-0.008
0.000143,-0.008
0.000144,-0.024
0.000145,-0.008
0.000146,-0.016
0.000147,-0.016
0.000148,-0.016
0.000149,-0.024
0.00015,-0.016
0.000151,-0.016
0.000152,-0.008
0.000153,-0.008
0.000154,-0.016
0.000155,-0.008
0.000156,-0.008
0.000157,-0.008
0.000158,-0.008
0.000159,-0.016
0.00016,-0.016
0.000161,-0.016
0.000162,-0.016
0.000163,-0.016
0.000164,-0.008
0.000165,-0.024
0.000166,-0.008
0.000167,-0.016
0.000168,-0.016
0.000169,-0.024
0.00017,-0.008
0.000171,-0.016
0.000172,-0.016
0.000173,-0.016
0.000174,0
0.000175,-0.016
0.000176,-0.008
0.000177,-0.008
0.000178,-0.008
0.000179,-0.008
0.00018,-0.008
0.000181,-0.008
0.000182,-0.016
0.000183,-0.008
0.000184,-0.016
0.000185,-0.008
0.000186,-0.016
0.000187,-0.008
0.000188,-0.008
0.000189,-0.016
0.00019,-0.008
0.000191,-0.008
0.000192,-0.008
0.000193,-0.008
0.000194,-0.016
0.000195,-0.024
0.000196,-0.016
0.000197,-0.016
0.000198,-0.016
0.000199,-0.016
0.0002,-0.008
0.000201,-0.008
0.000202,-0.008
0.000203,-0.016
0.000204,-0.016
0.000205,-0.008
0.000206,-0.016
0.000207,-0.008
0.000208,-0.008
0.000209,-0.016
0.00021,-0.016
0.000211,-0.016
0.000212,-0.016
0.000213,-0.024
0.000214,-0.008
0.000215,-0.008
0.000216,-0.016
0.000217,-0.016
0.000218,-0.008
0.000219,-0.016
0.00022,-0.008
0.000221,-0.008
0.000222,-0.008
0.000223,-0.024
0.000224,-0.024
0.000225,-0.016
0.000226,-0.008
0.000227,-0.008
0.000228,-0.008
0.000229,-0.016
0.00023,-0.008
0.000231,-0.008
0.000232,-0.008
0.000233,-0.016
0.000234,-0.008
0.000235,-0.008
0.000236,-0.008
0.000237,-0.008
0.000238,-0.008
0.000239,-0.016
0.00024,-0.016
0.000241,-0.024
0.000242,-0.016
0.000243,-0.008
0.000244,-0.016
0.000245,-0.008
0.000246,-0.008
0.000247,-0.016
0.000248,-0.016
0.000249,-0.008
0.00025,-0.008
0.000251,-0.016
0.000252,-0.008
0.000253,-0.008
0.000254,-0.016
0.000255,-0.008
0.000256,-0.008
0.000257,-0.016
0.000258,-0.008
0.000259,-0.008
0.00026,-0.008
0.000261,-0.008
0.000262,-0.008
0.000263,-0.008
0.000264,-0.016
0.000265,-0.008
0.000266,-0.016
0.000267,-0.008
0.000268,-0.008
0.000269,-0.016
0.00027,-0.016
0.000271,-0.008
0.000272,-0.008
0.000273,-0.008
0.000274,-0.008
0.000275,-0.016
0.000276,-0.008
0.000277,-0.016
0.000278,-0.008
0.000279,-0.016
0.00028,-0.016
0.000281,-0.016
0.000282,-0.008
0.000283,-0.008
0.000284,-0.016
0.000285,-0.008
0.000286,-0.016
0.000287,-0.024
0.000288,-0.016
0.000289,-0.016
0.00029,-0.016
0.000291,-0.016
0.000292,-0.008
0.000293,-0.008
0.000294,-0.008
0.000295,-0.008
0.000296,-0.016
0.000297,-0.008
0.000298,-0.008
0.000299,-0.016
0.0003,-0.008
0.000301,-0.008
0.000302,-0.008
0.000303,-0.016
0.000304,-0.016
0.000305,-0.008
0.000306,-0.008
0.000307,-0.024
0.000308,-0.016
0.000309,-0.024
0.00031,-0.008
0.000311,-0.008
0.000312,-0.016
0.000313,-0.008
0.000314,-0.008
0.000315,-0.008
0.000316,-0.008
0.000317,-0.008
0.000318,-0.016
0.000319,-0.016
0.00032,-0.016
0.000321,-0.008
0.000322,-0.016
0.000323,-0.024
0.000324,-0.016
0.000325,-0.016
0.000326,-0.008
0.000327,-0.008
0.000328,-0.016
0.000329,-0.016
0.00033,-0.008
0.000331,-0.016
0.000332,-0.008
0.000333,-0.008
0.000334,-0.008
0.000335,-0.016
0.000336,-0.016
0.000337,-0.008
0.000338,-0.016
0.000339,-0.016
0.00034,-0.016
0.000341,-0.008
0.000342,-0.008
0.000343,-0.008
0.000344,-0.016
0.000345,-0.024
0.000346,-0.016
0.000347,-0.016
0.000348,-0.008
0.000349,-0.008
0.00035,-0.016
0.000351,-0.008
0.000352,-0.008
0.000353,-0.008
0.000354,-0.024
0.000355,-0.016
0.000356,-0.016
0.000357,-0.008
0.000358,-0.008
0.000359,-0.008
0.00036,-0.008
0.000361,-0.016
0.000362,-0.008
0.000363,-0.008
0.000364,-0.024
0.000365,-0.016
0.000366,0.008
0.000367,0.08
0.000368,0.496
0.000369,0.696
0.00037,0.872
0.000371,0.88
0.000372,0.968
0.000373,0.936
0.000374,0.992
0.000375,0.952
0.000376,1.008
0.000377,0.968
0.000378,1.008
0.000379,0.976
0.00038,1
0.000381,0.976
0.000382,1
0.000383,0.976
0.000384,1
0.000385,0.976
0.000386,1
0.000387,0.968
0.000388,0.992
0.000389,0.976
0.00039,0.992
0.000391,0.976
0.000392,0.984
0.000393,0.984
0.000394,0.992
0.000395,0.984
0.000396,0.984
0.000397,0.992
0.000398,0.976
0.000399,0.992
0.0004,0.976
0.000401,0.992
0.000402,0.976
0.000403,0.992
0.000404,0.976
0.000405,1
0.000406,0.976
0.000407,1.008
0.000408,0.968
0.000409,1
0.00041,0.968
0.000411,1
0.000412,0.968
0.000413,1
0.000414,0.968
0.000415,1
0.000416,0.976
0.000417,1
0.000418,0.968
0.000419,1.016
0.00042,0.968
0.000421,1.008
0.000422,0.968
0.000423,1.008
0.000424,0.96
0.000425,1.008
0.000426,0.968
0.000427,1.008
0.000428,0.96
0.000429,1.008
0.00043,0.968
0.000431,1.008
0.000432,0.968
0.000433,1.008
0.000434,0.968
0.000435,1.008
0.000436,0.976
0.000437,1
0.000438,0.968
0.000439,1
0.00044,0.968
0.000441,1
0.000442,0.976
0.000443,1
0.000444,0.976
0.000445,1
0.000446,0.976
0.000447,0.992
0.000448,0.984
0.000449,0.992
0.00045,0.984
0.000451,0.984
0.000452,0.984
0.000453,0.984
0.000454,0.984
0.000455,0.976
0.000456,0.984
0.000457,0.976
0.000458,0.992
0.000459,0.976
0.00046,1
0.000461,0.968
0.000462,1
0.000463,0.976
0.000464,1
0.000465,0.968
0.000466,0.992
0.000467,0.976
0.000468,1.008
0.000469,0.968
0.00047,1.008
0.000471,0.968
0.000472,1
0.000473,0.968
0.000474,1.008
0.000475,0.968
0.000476,1.008
0.000477,0.968
0.000478,1.008
0.000479,0.96
0.00048,1.008
0.000481,0.968
0.000482,1.008
0.000483,0.96
0.000484,1.016
0.000485,0.96
0.000486,1.008
0.000487,0.96
0.000488,1.008
0.000489,0.968
0.00049,1.016
0.000491,0.968
0.000492,1.008
0.000493,0.968
0.000494,1
0.000495,0.96
0.000496,1.008
0.000497,0.968
0.000498,1
0.000499,0.968
0.0005,1
0.000501,0.968
0.000502,0.992
0.000503,0.968
0.000504,1.008
0.000505,0.992
0.000506,0.992
0.000507,0.984
0.000508,0.984
0.000509,0.976
0.00051,0.984
0.000511,0.984
0.000512,0.992
0.000513,0.984
0.000514,0.984
0.000515,0.992
0.000516,0.984
0.000517,0.992
0.000518,0.976
0.000519,1
0.00052,0.976
0.000521,1
0.000522,0.976
0.000523,0.992
0.000524,0.968
0.000525,0.976
0.000526,0.92
0.000527,0.944
0.000528,0.896
0.000529,0.928
0.00053,0.896
0.000531,0.928
0.000532,0.888
0.000533,0.928
0.000534,0.896
0.000535,0.928
0.000536,0.888
0.000537,0.928
0.000538,0.888
0.000539,0.928
0.00054,0.888
0.000541,0.928
0.000542,0.888
0.000543,0.928
0.000544,0.888
0.000545,0.928
0.000546,0.888
0.000547,0.928
0.000548,0.896
0.000549,0.928
0.00055,0.896
0.000551,0.912
0.000552,0.904
0.000553,0.92
0.000554,0.904
0.000555,0.912
0.000556,0.904
0.000557,0.912
0.000558,0.904
0.000559,0.904
0.00056,0.912
0.000561,0.904
0.000562,0.92
0.000563,0.912
0.000564,0.92
0.000565,0.896
0.000566,0.928
0.000567,0.896
0.000568,0.92
0.000569,0.896
0.00057,0.92
0.000571,0.896
0.000572,0.928
0.000573,0.888
0.000574,0.928
0.000575,0.888
0.000576,0.936
0.000577,0.888
0.000578,0.936
0.000579,0.888
0.00058,0.928
0.000581,0.888
0.000582,0.928
0.000583,0.888
0.000584,0.936
0.000585,0.888
0.000586,0.936
0.000587,0.856
0.000588,0.88
0.000589,0.84
0.00059,0.856
0.000591,0.84
0.000592,0.84
0.000593,0.848
0.000594,0.824
0.000595,0.856
0.000596,0.808
0.000597,0.864
0.000598,0.808
0.000599,0.856
0.0006,0.832
0.000601,0.848
0.000602,0.84
0.000603,0.832
0.000604,0.848
0.000605,0.816
0.000606,0.872
0.000607,0.816
0.000608,0.856
0.000609,0.816
0.00061,0.848
0.000611,0.824
0.000612,0.848
0.000613,0.848
0.000614,0.832
0.000615,0.848
0.000616,0.824
0.000617,0.848
0.000618,0.816
0.000619,0.864
0.00062,0.824
0.000621,0.856
0.000622,0.824
0.000623,0.84
0.000624,0.84
0.000625,0.824
0.000626,0.848
0.000627,0.816
0.000628,0.856
0.000629,0.816
0.00063,0.856
0.000631,0.816
0.000632,0.848
0.000633,0.832
0.000634,0.856
0.000635,0.848
0.000636,0.832
0.000637,0.848
0.000638,0.808
0.000639,0.848
0.00064,0.808
0.000641,0.848
0.000642,0.816
0.000643,0.856
0.000644,0.832
0.000645,0.84
0.000646,0.84
0.000647,0.824
0.000648,0.856
0.000649,0.816
0.00065,0.856
0.000651,0.816
0.000652,0.848
0.000653,0.824
0.000654,0.848
0.000655,0.832
0.000656,0.832
0.000657,0.848
0.000658,0.816
0.000659,0.856
0.00066,0.816
0.000661,0.856
0.000662,0.816
0.000663,0.856
0.000664,0.832
0.000665,0.84
0.000666,0.84
0.000667,0.84
0.000668,0.848
0.000669,0.816
0.00067,0.856
0.000671,0.808
0.000672,0.864
0.000673,0.816
0.000674,0.856
0.000675,0.832
0.000676,0.84
0.000677,0.848
0.000678,0.832
0.000679,0.848
0.00068,0.832
0.000681,0.856
0.000682,0.808
0.000683,0.864
0.000684,0.824
0.000685,0.848
0.000686,0.832
0.000687,0.84
0.000688,0.848
0.000689,0.824
0.00069,0.848
0.000691,0.808
0.000692,0.856
0.000693,0.816
0.000694,0.856
0.000695,0.816
0.000696,0.848
0.000697,0.84
0.000698,0.832
0.000699,0.848
0.0007,0.824
0.000701,0.856
0.000702,0.824
0.000703,0.856
0.000704,0.816
0.000705,0.856
0.000706,0.824
0.000707,0.848
0.000708,0.856
0.000709,0.832
0.00071,0.856
0.000711,0.816
0.000712,0.856
0.000713,0.808
0.000714,0.856
0.000715,0.816
0.000716,0.856
0.000717,0.832
0.000718,0.84
0.000719,0.84
0.00072,0.824
0.000721,0.848
0.000722,0.824
0.000723,0.856
0.000724,0.824
0.000725,0.856
0.000726,0.816
0.000727,0.848
0.000728,0.832
0.000729,0.848
0.00073,0.84
0.000731,0.824
0.000732,0.848
0.000733,0.816
0.000734,0.856
0.000735,0.816
0.000736,0.848
0.000737,0.824
0.000738,0.856
0.000739,0.84
0.00074,0.84
0.000741,0.848
0.000742,0.824
0.000743,0.856
0.000744,0.808
0.000745,0.856
0.000746,0.816
0.000747,0.856
0.000748,0.824
0.000749,0.84
0.00075,0.84
0.000751,0.832
0.000752,0.856
0.000753,0.824
0.000754,0.856
0.000755,0.816
0.000756,0.856
0.000757,0.816
0.000758,0.856
0.000759,0.824
0.00076,0.848
0.000761,0.848
0.000762,0.824
0.000763,0.848
0.000764,0.816
0.000765,0.856
0.000766,0.816
0.000767,0.864
0.000768,0.824
0.000769,0.848
0.00077,0.832
0.000771,0.84
0.000772,0.848
0.000773,0.824
0.000774,0.856
0.000775,0.816
0.000776,0.856
0.000777,0.808
0.000778,0.848
0.000779,0.816
0.00078,0.848
0.000781,0.832
0.000782,0.84
0.000783,0.848
0.000784,0.824
0.000785,0.848
0.000786,0.816
0.000787,0.856
0.000788,0.816
0.000789,0.856
0.00079,0.816
0.000791,0.848
0.000792,0.832
0.000793,0.832
0.000794,0.848
0.000795,0.832
0.000796,0.856
0.000797,0.816
0.000798,0.856
0.000799,0.816
0.0008,0.848
0.000801,0.824
0.000802,0.84
0.000803,0.832
0.000804,0.832
0.000805,0.84
0.000806,0.824
0.000807,0.856
0.000808,0.816
0.000809,0.856
0.00081,0.816
0.000811,0.856
0.000812,0.832
0.000813,0.848
0.000814,0.848
0.000815,0.824
0.000816,0.848
0.000817,0.808
0.000818,0.848
0.000819,0.824
0.00082,0.856
0.000821,0.824
0.000822,0.848
0.000823,0.84
0.000824,0.832
0.000825,0.856
0.000826,0.832
0.000827,0.856
0.000828,0.816
0.000829,0.856
0.00083,0.808
0.000831,0.856
0.000832,0.816
0.000833,0.848
0.000834,0.832
0.000835,0.832
0.000836,0.848
0.000837,0.824
0.000838,0.848
0.000839,0.824
0.00084,0.864
0.000841,0.816
0.000842,0.856
0.000843,0.824
0.000844,0.848
0.000845,0.84
0.000846,0.832
0.000847,0.848
0.000848,0.824
0.000849,0.856
0.00085,0.816
0.000851,0.864
0.000852,0.816
0.000853,0.848
0.000854,0.824
0.000855,0.84
0.000856,0.84
0.000857,0.832
0.000858,0.848
0.000859,0.816
0.00086,0.856
0.000861,0.816
0.000862,0.864
0.000863,0.824
0.000864,0.848
0.000865,0.832
0.000866,0.84
0.000867,0.84
0.000868,0.824
0.000869,0.856
0.00087,0.816
0.000871,0.856
0.000872,0.824
0.000873,0.856
0.000874,0.824
0.000875,0.848
0.000876,0.832
0.000877,0.832
0.000878,0.856
0.000879,0.824
0.00088,0.856
0.000881,0.824
0.000882,0.864
0.000883,0.816
0.000884,0.856
0.000885,0.824
0.000886,0.856
0.000887,0.856
0.000888,0.832
0.000889,0.848
0.00089,0.816
0.000891,0.856
0.000892,0.816
0.000893,0.856
0.000894,0.816
0.000895,0.856
0.000896,0.84
0.000897,0.84
0.000898,0.848
0.000899,0.824
0.0009,0.848
0.000901,0.816
0.000902,0.864
0.000903,0.816
0.000904,0.864
0.000905,0.824
0.000906,0.856
0.000907,0.832
0.000908,0.84
0.000909,0.848
0.00091,0.824
0.000911,0.856
0.000912,0.824
0.000913,0.856
0.000914,0.816
0.000915,0.856
0.000916,0.824
0.000917,0.856
0.000918,0.84
0.000919,0.84
0.00092,0.848
0.000921,0.816
0.000922,0.856
0.000923,0.816
0.000924,0.856
0.000925,0.816
0.000926,0.856
0.000927,0.832
0.000928,0.848
0.000929,0.848
0.00093,0.832
0.000931,0.848
0.000932,0.816
0.000933,0.864
0.000934,0.816
0.000935,0.864
0.000936,0.824
0.000937,0.848
0.000938,0.832
0.000939,0.84
0.00094,0.848
0.000941,0.824
0.000942,0.848
0.000943,0.816
0.000944,0.856
0.000945,0.816
0.000946,0.856
0.000947,0.824
0.000948,0.856
0.000949,0.84
0.00095,0.84
0.000951,0.848
0.000952,0.816
0.000953,0.856
0.000954,0.816
0.000955,0.856
0.000956,0.816
0.000957,0.856
0.000958,0.824
0.000959,0.848
0.00096,0.84
0.000961,0.832
0.000962,0.848
0.000963,0.824
0.000964,0.856
0.000965,0.808
0.000966,0.856
0.000967,0.816
0.000968,0.848
0.000969,0.832
0.00097,0.84
0.000971,0.848
0.000972,0.824
0.000973,0.848
0.000974,0.816
0.000975,0.856
0.000976,0.824
0.000977,0.856
0.000978,0.824
0.000979,0.856
0.00098,0.84
0.000981,0.832
0.000982,0.84
0.000983,0.832
0.000984,0.848
0.000985,0.816
0.000986,0.864
0.000987,0.816
0.000988,0.856
0.000989,0.824
0.00099,0.848
0.000991,0.832
0.000992,0.832
0.000993,0.848
0.000994,0.816
0.000995,0.856
0.000996,0.816
0.000997,0.848
0.000998,0.816
0.000999,0.848
0.001,0.832
0.001001,0.848
0.001002,0.84
0.001003,0.824
0.001004,0.856
0.001005,0.824
0.001006,0.856
0.001007,0.512
0.001008,0.256
0.001009,0.128
0.00101,0.056
0.001011,0.024
0.001012,0.008
0.001013,-0.008
0.001014,0
0.001015,-0.008
0.001016,-0.008
0.001017,-0.008
0.001018,-0.016
0.001019,-0.008
0.00102,-0.024
0.001021,-0.008
0.001022,-0.008
0.001023,-0.016
0.001024,-0.008
0.001025,-0.008
0.001026,-0.008
0.001027,-0.008
0.001028,-0.016
0.001029,-0.008
0.00103,-0.016
0.001031,-0.016
0.001032,-0.008
0.001033,-0.016
0.001034,-0.008
0.001035,-0.008
0.001036,-0.016
0.001037,-0.016
0.001038,-0.008
0.001039,-0.016
0.00104,-0.016
0.001041,-0.008
0.001042,-0.008
0.001043,-0.016
0.001044,-0.008
0.001045,-0.008
0.001046,-0.008
0.001047,-0.024
0.001048,-0.016
0.001049,-0.008
0.00105,-0.016
0.001051,-0.016
0.001052,-0.024
0.001053,-0.008
0.001054,-0.016
0.001055,-0.024
0.001056,-0.008
0.001057,-0.016
0.001058,-0.016
0.001059,-0.016
0.00106,-0.008
0.001061,-0.016
0.001062,-0.016
0.001063,-0.008
0.001064,-0.024
0.001065,-0.016
0.001066,-0.016
0.001067,-0.008
0.001068,-0.016
0.001069,-0.016
0.00107,-0.008
0.001071,-0.008
0.001072,-0.008
0.001073,-0.008
0.001074,-0.016
0.001075,-0.016
0.001076,-0.016
0.001077,-0.016
0.001078,-0.008
0.001079,-0.008
0.00108,-0.008
0.001081,-0.016
0.001082,-0.024
0.001083,-0.016